id,email,password
b60e3065-3760-4782-b063-29cd51340cb8,emily.johnson@example.com,$2a$10$vy133fvVGfLV4QWnGzud2.pT71HX6QKUwW.nX5ADBS8E3cvehimOm
a088bb9d-8ae4-4d82-be64-fec6a6234f9b,michael.brown@example.com,$2a$10$v4kHoF2bz3rJIcpk3MwzIOyRIhkfS8jMMuJGWrRlILQz6JU.ChXxe
3487ed05-53a4-41a2-8738-019eeecf63b6,sarah.davis@example.com,$2a$10$loWAm9VPjT8u7Zjsr8mtd.JHk/ZdStJRniG1sADqJb.5M1EC/zpSi
d4c765b2-83a5-48b9-a514-357a5e53ceb4,david.wilson@example.com,$2a$10$dUr5MqA5JY7.Ao1xtKfJS.Z73Z6PObTDXGXGVGS5yyULBJ70B9WIW
1faa9eab-0640-44ea-9823-50e4b4d1f8c8,jessica.thompson@example.com,$2a$10$ynlI.DTvIMu5xJnctH4xduIj.GlTozGrlVkeSUUtHwY6uqTa6omI2
664d9333-d915-4895-84cc-aa991907c784,robert.anderson@example.com,$2a$10$.lRufnruH.G5RhyB3sZO4ucFssJS0hjwviIM5RwJ75QrF5Ip5.4HS
07be52e3-2ad2-4b12-a17c-561a6a95c40f,amanda.taylor@example.com,$2a$10$qjroOornyyrlwpffpxQIyurHns.iYTnxSPEwLNmkrXsL7yrMHYVfq
903e8a84-372b-4fe5-9c2f-4ee338ddeaef,daniel.martinez@example.com,$2a$10$5C7hk5fvtvH5MhoaN3OGT.J/kpYlDHHOeVWg4F1o09rCyJPARkYbG
91cec70a-d96a-4269-850a-e555cd92ad99,olivia.garcia@example.com,$2a$10$hzSzNcFezn.k/fH3OC/4SO5cLDEZuk0fzBOPYC3Dz9lvbzBfveSGW
fa777c3f-5c29-4687-bd01-ac340aea44bd,william.hernandez@example.com,$2a$10$xSsG6kKjLCNRhcqts/rrs.nA8EKypG8qFtJ8yyIf8BQYY.OBLkUtm
51073b39-b677-427f-8e7e-55ff6d52236a,irvan-surya-admin-2@blueharvest.com,$2a$10$hZW.5DkVsmS0qbkujXY0KO3rqECuv7c2THaZ.vnAvN3b5HvTdVkNK
89458cdc-21e3-465a-aa04-ded47fb5e5ed,leopoldo.sanford@example.com,$2a$10$hEIVvUymTcnn3iOZEEz9UuCebR7M8q2CV4Ocoe8K1oZGBYR.W5t0O
e140987d-8808-4500-b869-1cb54e82d22a,domitila.jones@example.com,$2a$10$HX0sHgkGs1GyiNdb7mtpj.IXTLx75Uk9fL82XHUmJ46SbiTBb6xvS
94154f72-d078-4de2-993e-fd7c6e70f860,irvan-suriaaa2@blueharvest.com,$2a$10$wON53kCpaUOnf1W4ZioSJeTW6plhmAspYMPZhZ2o2sMW1DrVaupwu
07936ea2-5d44-42df-a71b-640f93548e88,jude.lueilwitz@example.com,$2a$10$XTKsH.Eb3NU0.ShIaIV97umgcWEuEg/RvqoYH9cZRcVyebO1o/8EW
9f21e824-3271-45e2-bce1-a848718c4400,royce.buckridge@example.com,$2a$10$cpKEe2CD/mXEg7kPzNzFXeS9gLt5HNIyoau2C0afdU3K2AnEOxoNm
86e36ba7-b201-4a52-8560-b2efec5330ac,suzi.turcotte@example.com,$2a$10$F4RHEULpRAFk3RKV/dpCquEE/6QYNHVY.QuF8blYmA3GMX7ngIVpC
b3e5fccc-686b-48da-b235-754c1e423eb6,lauryn.boyle@example.com,$2a$10$0n0j6rR3cKO6PjPjhxjH.OyNwvxLmjd5tpi5X0vjTWZEDlteIxn..
4ab4225b-fd72-448e-8fa2-72e7877cc6a0,kai.stamm@example.com,$2a$10$K40YKGKITIVBRr5QC5bK8uD1.jSa3GJ234dgnNZV8HKdqVLYFtJvi
0992353d-688f-4e56-a763-619f0e6dd156,buford.huel@example.com,$2a$10$.Dm40J/nWdwss1wzn8ti.uNRCaHXUyB99BbKw/IHA6eDHJuBBIGhO
c1295abd-f0af-41fb-a135-387382f62743,jessika.lemke@example.com,$2a$10$YeUMgjYHmpdZ6BNPcFcN.eraX0e2chdw0EDB8L3pxx/qLvXMQH1Yq
5201e478-58bc-4f5f-9328-fdf2f00d4961,august.wolf@example.com,$2a$10$SM6drZCwEzyd1Z4/WkPp0eKDiOSKkHli.z7hg0Sn0MsklmErR.Zya
d70117a9-cb1b-4afa-a852-c2d82a2a7f70,louis.lowe@example.com,$2a$10$SxDpWPevjGlpwCqSDWyIdeoHDZjEcMtFDd8IXFGiF567pe9dBs7vy
7058cf0d-1099-4c06-b7d0-5485f08fbb18,louanne.walsh@example.com,$2a$10$t0CHcVUFYa3pOE6DllhZUumwg6Z.Ttm8z/Gh506IOBnWqwmE7/QAG
ea441f68-69d4-4736-9037-b3aa47863d3a,grover.bosco@example.com,$2a$10$gKaKAfcDnTc8zQDp3LE04uUxVo5Dz9WBl2FQEeLR6ZSY0VEsTLROu
4cd9853d-e7d6-4acb-8970-8e44be4a3108,seth.lockman@example.com,$2a$10$aIoLbimyFyFB7jyNv866Ju9pDm1rTQheDkbB/koBJn/bAXtUu0Vvi
428ffa34-d1a7-48c3-adc8-dde2955242df,dominica.hegmann@example.com,$2a$10$UswJXzKcXlEcyzqCfEKSouAPR6N0W3Euvll.CLSSP/Mcbxam7/tF.
39585d1b-235c-4ea7-88b4-6f2b49d62fa5,zachery.mclaughlin@example.com,$2a$10$vah7N55EAfAideJvjD3vNuONXRW7aWAo02DMCXGsc2UQppdsn4Lge
9bdfa8e1-11b6-4ca1-831c-a707eb349c15,emmett.barrows@example.com,$2a$10$z4B8E6Xn8NK.ajCU8EspL.h9ybG09uG0SzMo9PJkIeBR1YqyeymsW
7be68192-108f-43a2-8fec-b42e879960b9,isaias.skiles@example.com,$2a$10$b8BxSbACApyk9uYLnT5NLOlvU9DZ7gg9A6vd8.lycr5WNN17fI9De
003f4c3f-9b67-4554-ac06-4432deed9d6c,al.koss@example.com,$2a$10$2YinIDN0/leMvoGJrnzDnugNULkEpriMtCknCdCPqS9VsFopR3VqW
aa7c0a16-4406-43a4-9276-991035607ee0,leighann.oconner@example.com,$2a$10$OWeolZikCAYNsw/11UjNNuYvA2NSIVoBlJkRcBkzDSF4.eRHSdX52
1f622de5-3487-4ced-b7eb-ba16d94c4300,junko.mann@example.com,$2a$10$gACKjIKyUyjB9Ob8DWQKf.O1QWn143ODG66Bs6t/Qw3gmrHx8YuBq
9720f00e-8974-44b5-bf15-b054c8fc2939,johnathan.morar@example.com,$2a$10$DuXN6Q2LETySnwF75dcbueZzCXTGX0t.nV9cz/l86u54ParO1PQI2
4614498e-ddca-41c2-85c0-3088f66b37a6,ling.sipes@example.com,$2a$10$qYuXEzPo4PXBZGAID63at.wH9fsCgAmui6lhvlxE6.4ncEFPimUam
c9be8186-14b5-4832-af40-62fb5c897b37,meda.bernhard@example.com,$2a$10$YfBCec5/fQtcKEzx.fxkr.fxRGeieXoi/OzukQM/eecBYbyJ6pmzq
4c6532a3-e3d9-40a1-b6c9-5ecc939e30d5,philip.roberts@example.com,$2a$10$vTRkq09pYGl.T4NMsPccqeVwa9jx9laz0QOPUrQKxf9tD/4juRFdu
23483c99-2665-4cfe-b984-0e216dc7d857,alfred.kassulke@example.com,$2a$10$EGscSf137NlJppPCcnagU.PBVRjT4PvWGDN4sEGq6MC9.gZxt4ibS
87880acc-5673-459b-89a4-ae6de50070c7,marivel.koelpin@example.com,$2a$10$k2UDmcvRn9aLJ3xALbqy2eMDdB4IDQ1DAh1l37fKLbtZKZcD.tnyC
36762b09-f2bc-4c9d-8989-8e0d505c8ff9,vivienne.dickens@example.com,$2a$10$7V7mnRbF56jIl/qk/HM5yeCmB8VY.gXVrdrz577VD1Bi2pxCtIOOu
473bc7fc-f245-4b02-9a5d-3314d22e95de,jerome.morissette@example.com,$2a$10$jr5qpK54ZuDjbwFxXqd8l.orvU66LyAdi2y3yYEiT2EPOs3nw57qq
2fbc0241-873b-4075-b6af-331f75a190e6,tesha.collins@example.com,$2a$10$iutYd.JGTWpbCnlpZjc6lOppsYA467jrKAzG7cZdtrW3KYL808evi
3dbfc2da-43c7-4183-bdac-6143317fc075,evette.ward@example.com,$2a$10$9.P09TIIbttUj0DM2IljOOklTjJvluDXqVbHfJvfUGmesvZORJRu6
5077358c-12d3-4fad-a2e3-c41bbc956df3,carletta.rice@example.com,$2a$10$XMaCTLIufAz1KG5XzfLrG.AWz1pZM8pJ1MgzGIYja4HqTPiWGhOny
8b84585d-0446-4365-8444-744f2539c57d,bryon.balistreri@example.com,$2a$10$aEZm8J5Z9mjGIf/cIFeXtOA2kwU0IvsI5LDB01IdLXeHWgektQRPu
7d4145c9-0560-43c3-b610-82da010ad713,frank.herzog@example.com,$2a$10$uu0lgX19EZqijRM758g5xe/SMR01RdxwjAdyL8Biev9j9t2QuVoMu
0945ad66-15c6-4cf3-8281-ae57d2078c2e,tinisha.gibson@example.com,$2a$10$lUksr7Vj575G9XtPp8B/NODCOj0CCKSoRoGZM005BZGu60vzo5D5a
32aa30ac-b235-4389-ae30-0bb1085ce882,jeffrey.beahan@example.com,$2a$10$13zAy6yFDiueZdjGBN0VK.eED9X782Vc5GEQNfQdDNDar6Ha2H/Ky
134b0a8f-98ca-4842-8b13-75f0d45c7ba5,kaci.pagac@example.com,$2a$10$xPw3HsTgZ4euezVkRV8XZeFIR4pW/eWmBFYVkDeLB0p/7zmQO9Vnm
90c5fc3c-0cd3-4f94-9c4e-9580ee8df9a0,prudence.klocko@example.com,$2a$10$ygfDPmkJa1p0b/o2mxKFb.AUO97iDDTk.EZ3sbFTssiq84pB8o7Ou
79058f4b-81cd-4829-aa3d-b6975f3ae32e,rodney.gutkowski@example.com,$2a$10$W2ZDI5qtSPVdxMeryZCQ9OdsRMYqud42bWeI8aiiMHaYYRKp.hm.a
bf2f2c5e-a76e-4caf-ba08-9f0b3576a7eb,dwayne.lindgren@example.com,$2a$10$WJzpnOVMF6R0obkrGCRX1.aaOIlfb4Aa.18fLp..YMszc4NvxKZAy
21ce5067-6ac5-45ad-aa71-814382484de2,waylon.langworth@example.com,$2a$10$xw.zi2Svkp1QvBX1Xr03CefvFHBybQgjIhlul8QCrvbD.UkMdbVNC
a3a89db2-9f44-4d6d-a0d7-4b709bbdc42b,ivan.dickens@example.com,$2a$10$NIoKG2uHm17ansc3mKiGdeR6578ditbZYkyJcnRjlQUC1u.GH24wa
e09bc57a-1afa-41c0-81ae-2bec74d2c9c5,cristy.boyer@example.com,$2a$10$Lad4qT5zUyR1TJf9B3c1rumDokot2OTuoVfeYi6kP28MDCBp9Ijg2
ff0f972a-3ced-400d-b3e3-3d48f498321b,viola.kling@example.com,$2a$10$mhuZxYsJahou59fgQvcAN.FWYFXUgFGLkRX.pHm1SLbALUCjX2EFS
42279e93-39b8-48b8-98b9-d364e4b68bcb,lucina.krajcik@example.com,$2a$10$jwv.j3PMXuF3aiOrZmLiauyUso8/4GYGbx5eZEzYYp.xuW4OsxSBC
c7291edf-0208-47e3-844a-9f62988685ad,fred.walter@example.com,$2a$10$HogMmrbn7vrr56w/ffR/qud74lI9pnQ4sbO6NkNhlmat/eqR88S2i
e90907e6-f8f2-4a1f-8b22-71510ce7136e,jarrod.bode@example.com,$2a$10$K5bl794OTYPlfG3wdf9SVOja7pi3XIw0zMMgibqZbVZbeowl.iapa
eccfc4dc-9b38-4aa1-9303-8f35688e03ca,duane.champlin@example.com,$2a$10$tPNRPVXGgfaIZg1nTcd94ee6OVESa2uiedRQf6eC1gArAaRQDFRy2
9f656069-da35-4d27-a429-9ae349add7e3,effie.okuneva@example.com,$2a$10$GfJZanU7n2a8YM9Yw8Px1uLYwMHMuond/13TQ286hGX8t9TsEMAPO
0b000987-38a5-4ac7-82f4-11cfddffb1e0,mose.mills@example.com,$2a$10$zAzeGj46AIx6YRfChhCUperdHZdKyPYjvPrw8RDGQ6Hwmrg6J9xJ2
37de610c-afe1-4d72-9f31-d8799abf59e8,celina.windler@example.com,$2a$10$r7/m.bVXWe4Po0duNV0Jlusk5Cdnv/gIO159YQX7WY2c9fuE2LgQm
e8c2a8dd-0a29-4bbb-8b00-77259049e519,emmanuel.torp@example.com,$2a$10$Gupg7xQKSlGc4Icbe3DWLeqLFapt8gd/fJEQiy6DRJKIFifl06cX2
01c4bd3d-8b55-489a-968d-0c23ddd53f1e,rena.bayer@example.com,$2a$10$Qlg8WZ3X9khZWZkVdb8uruZaoC84hQrlbLS.kaFEUvoY7pmI2mByu
2df7c67b-4af8-454c-a87b-83d2e83c74ec,gabriella.stiedemann@example.com,$2a$10$Tr4ffVIGNw.QjNqrZBLw.OHNRP72M37mA3BBdJ86NEh1.ByKlsf1G
ca6f13e9-1a6d-43fd-9401-126a175b6c85,granville.schmidt@example.com,$2a$10$.d3jxYOdbXe.DUQ3H0nuQeD9YLckF6EY7dlbv.weKiuvAG3m1fpRK
ab7c52c0-7e2f-4c53-9661-bf410db16711,cristal.senger@example.com,$2a$10$qain6VRzn7SBgQbAng9RmuUBBiCVdz1duyjABdKO1j7i16HrVo.w6
72fa71b8-58d7-4f03-9aaf-18bad2dd4b78,sanford.schuster@example.com,$2a$10$Uulq8yv1hEugyJoj4ZrcRufxswIm3d7uEJt8H87d7CLTHQ6LR95au
454d1bc4-279a-45fd-867e-e519cefe0fdd,rodrigo.labadie@example.com,$2a$10$l8I3kfQ5SlGBHcZ4sga4t.WMmN8KsMpfj.QbLQi4S2XontP8o3DCq
0646a8b2-bbd3-4d0c-b231-c54d2c18e88c,sol.ratke@example.com,$2a$10$Y9EvnZ.xzzeB/8KHJPkDb.23RVZVRWM6ZAL3AGkyP8cTJSKDT3VaK
33757adb-93f4-40dd-bc91-b05a328dd0fb,johnny.zemlak@example.com,$2a$10$JrdYW527VM2pwGg2.uMGhuRzK50oC3di02OgEW1v2Fts7GSON07v2
41419e46-afe8-45ae-ad98-56bad67c2ac7,stanley.parker@example.com,$2a$10$RVkdf0r6EcSwhZi/vFtSi.VXTeNMPTJBtJy6XyVNlENdHCwBpx5Wu
969e942b-f632-41ee-b242-307285740355,cameron.green@example.com,$2a$10$HJ/1Wi0spPMv8DIz66FAPerBYXUemyKZRv7Py6WwXow0bYFhzNPOa
c9a64185-8021-4858-a370-6209eaea2527,cathrine.welch@example.com,$2a$10$9WGN.wdkiIBOMKGwE2bdW.b2q1EF7.S5lu7Q6zHsKB36Qnm0ekdya
2754428d-5bc0-47cc-8170-efe55544987c,mira.lynch@example.com,$2a$10$0CRmwSGDTaetDhTFxfcyC.vAY4io/VoFiH9iXYbQZA8w5WXgR2m4i
6ec0a0ad-802c-4ca8-b261-31c512d867a5,val.lang@example.com,$2a$10$PoHXokuatRt.6or7uTyiYON6WvlYg059Rdb.8Y8jW73HsWD18IoKy
9ef70d1d-d0a3-49ce-a4fe-7ebfdeb92bf7,tomas.koepp@example.com,$2a$10$Zi9SO41af8FeN8jFVg1pb.hgJ7suOfUuyLDfZmnJ/QP5/G6DvS6XW
c082ec9f-5d04-4f73-91fc-6bb168b0f8db,wendie.beer@example.com,$2a$10$9hLkB8VXlg0ZMoR6Xpm9A.q1VF7ehwV0jpmWndGs8Ilcp7CpVT33u
a87efd65-2a77-4742-bfee-e0b30d92c8a8,fritz.dicki@example.com,$2a$10$fG5/K11MqBIm0SGk9Qxt3eQCTB96lfcVUbgERGc8y5rilUKmuleVq
bf8ab3b6-7eb7-48ba-b344-97e1787032ac,phuong.prosacco@example.com,$2a$10$zzjb.o90m1/vpTmjyAtOGeVG7hxD.wwD.fNOmldKDNxUAHk2bQnpe
17949d88-3310-4b61-8850-4efbc3548422,burton.mitchell@example.com,$2a$10$F.S/brxhKixLdYEgYkmwlOzwVszWjKlXaf2BSZJrKzowPpRkhcCEK
bdd451d3-3b9e-4e47-8704-31c846153f33,lenna.kihn@example.com,$2a$10$P9B584eCxXHrp0xFE50qDuz3gzqklmusaMe0iWd4bVedWGAA5oE6m
64d58849-4cc3-4b7a-a4c6-887271b391bf,leslee.bayer@example.com,$2a$10$OJdgmfvJ37VFOB9l4gwP0eMrHoGFjAofUhz.loIjXnZIJR9Hc/iD2
14621cc1-3761-4c37-8fd1-1f4fad424ece,chung.abbott@example.com,$2a$10$A6yOM8MteCWOhd49zLUBg.mVyfY9nvLx6FMV14VRgpYoLW/afZzyi
73d44c56-c1fa-485d-8944-0da76780160a,stewart.erdman@example.com,$2a$10$orSSONyTWM5YHsWNNI3yTO9O/hE.y1h6m89/NUFWyv4gQgfuE09x.
309e90a9-3a9a-42a8-a519-a6f57258248f,ester.lang@example.com,$2a$10$wVlp1lBCssx9XypTmzssRefkByQv3sVoLco1yLgnzA1SjMrUFUu9u
e0482d64-f657-4f5e-9b58-2942b7d41c00,owen.walsh@example.com,$2a$10$ncKZ0bG7mEPmdpkSrhibNeVIroPZ8XEUhI5LKYNgdm3vKQ.evkuY2
0d22911c-e08d-4ac3-8774-8fe7c9c4a733,elliot.cole@example.com,$2a$10$zy9KV8mSPP.kLcUqkrqt8uZuNy13BCTBBcpGK1uE5la5ztsz/PWbi
3ec6957a-a383-44cd-9cd2-4bf2a5773a36,neva.reinger@example.com,$2a$10$hU0/o/vLKa5AugexIBk3LeE7jzpznO3Rn61O0WJ34A0F2hbBfJZGq
01cea607-374e-4ffd-8354-712181327a0d,bernadette.bailey@example.com,$2a$10$ZdqlROhPGwOpDfgUMLyrOeBbx83m5EsjtsVhhML7aztW4j/pRpZXC
f5165750-627a-469a-9fe8-42fc5ab1dc18,temeka.stiedemann@example.com,$2a$10$ze9RXmwGLwWRE9JLK7nFQOxwHHWNqmifxjgUiMdWb/5TM/mgcC6hW
02d1a851-b33a-4be8-bc44-29bcbc87a427,james.stokes@example.com,$2a$10$/pTftFy8AXxho09oOQ/jW.FoBVHchANyzcFQ3sACB8XoYa75I1DJC
862b1290-1532-4558-b950-7f2c885ba5d4,alva.runte@example.com,$2a$10$wzkxeH6O1ltIY7mTRcakE.K7gNX96AJ10a3CknqrWGfJ6eKRuCT.K
2376ba61-0984-4ca5-8e83-3e3f6e63c2a6,shante.erdman@example.com,$2a$10$fESNjz8443iyYuW558ts/.9C84GgMCaIUCWeVEx7Pner9hnwydjcG
c0e3b291-7a5f-4f45-a014-cacb7a790134,lawana.lynch@example.com,$2a$10$PU9XMeyUO/I6QNtiahu9HusdS.37gdo/qBOz0X8jZXwZwioMzaq4u
f14e19f0-58ec-490e-b3c9-57c696011ba4,lasonya.bogisich@example.com,$2a$10$GQCEXbewhal2XP8VImAzRuxllsc4.8E2ADrpF3qXd18WDRES6Rpzu
d52eab2e-837a-459c-a096-cf00b8bc34a8,song.witting@example.com,$2a$10$qlXjUbJXXo.vDcJ8sH0v7.g..DkvLcRvuwCv0QrcjAI6ySImsMJSK
eab1dc60-3fe3-470e-a194-cf1e0825403f,stephanie.senger@example.com,$2a$10$hoAMjTPElfDW31CAOL9l8eqrbV/JMRX0q1DZwZ8f2dGR/5nD5BxG6
4e7d10c8-c962-4021-8ea1-2a8d30c569fa,francisco.gerhold@example.com,$2a$10$9ecMHgaPeDvtMK.nD/lM/uUj.NAhd5HOf1cWnchja0yO3ScBJMRkO
9555a631-0c17-46b6-9b7c-6b4d2e9e73aa,evia.abshire@example.com,$2a$10$iAqhn7YEIqK9/KBETU9SKuhNV6CPWOSBBXOBr7ZirE9ukGLQVJV6W
be29576e-ec13-49cf-8e04-680d727b8d76,val.christiansen@example.com,$2a$10$p89nkmJO2NDUBbhpqEwOve7IfSQOlz.Qn7Z8O8u8mppvAcmEpvA1G
1224a7a6-f33c-40f9-927c-92bcf994a4df,gillian.kuhic@example.com,$2a$10$oiWHifpjADQG.HSoAPaIW.pU9c5UDJUvONTpCHIG5zepBt00CMws2
15a39a82-7fc4-402a-838e-0a0339d5a697,harvey.dach@example.com,$2a$10$n.HPCidmice2EtPcR4615egfnM0Ptl4vElceVHBJq3IzCBY1aX1Qa
31013c1c-d38d-4e5b-967f-f463d1062e4d,tricia.cummerata@example.com,$2a$10$aQCUJr0z7IEa3IKQjuxiEuR0AVBTbrkqizLPdqpqTsoa4Z.X/WIiS
a4dfd4fc-9f48-4a63-b8d2-e88e979db45a,victor.rau@example.com,$2a$10$H2UrrpzEG.JN1oW9/eNgue0UsN11tDeDk0Ryd1UTQ9a6agFgcDZZO
5ddebd65-7aa3-4913-bdbf-746586de2a32,erwin.feil@example.com,$2a$10$ETbkJS6roCcVcpk0Ljj.ROq98UvJYT.lQqB/cyciOykttvxHQMLY2
33e3489a-a2d9-4da6-ae15-ae04e45ebe72,tammy.spinka@example.com,$2a$10$bpxQOBi73m.XHNSAT9uCNum6gbLJw4z13XqRK.J3gxazxmzVI58Ju
ac240668-c32b-433e-9c12-fabe3ce7ae34,vickie.von@example.com,$2a$10$oWmOHo5yl3W/PqN4BoXg8ua8LaaXrzFdWGrX8GKGp2MEonEVvHnt2
5c938a25-8a9f-4e4f-85b4-a2bae5b5fba2,libbie.block@example.com,$2a$10$ukArIt6V8ejqhKcLCM1FgOIfD9pHER.59UQ.C84AgcQmaYTxmLlFS
b21302ab-b78f-43ca-aebe-529455c63041,edwina.klocko@example.com,$2a$10$uwZN.KAn1v8rKPOHsg.BZe3k7Hq21M1UINRpgsf.xutRm977wrfpe
bf72b507-b4b8-4f88-9c0e-f72f60299918,blair.lesch@example.com,$2a$10$NQhKxfud1ZRE.qz86utrKudh7s.yV.wUBRhpuMH.9nsQiwREfp9na
ad26aad6-9965-4968-bf6d-a189a52795a6,meghan.hoeger@example.com,$2a$10$z/IaVwdratYXJyn/QDSKB.5Y7DRlDAljbXYfZ91U3dEJwnqLfGrT.
6e481f0c-4e2c-4f5d-8292-e0a71b964c8c,zachery.breitenberg@example.com,$2a$10$y4wJGBBeKFyEZfpYdBxVH.4/3hNi/EiYCiogzcrDiP67rtRBPAcIu
84bb23a1-fc66-46c7-9299-0d789b5aa5da,necole.cartwright@example.com,$2a$10$Sj1jA38rTuZIK6nyvlIOCONcfYkwPtc.Bz.WQqq/3rV0Fto63s3n6
563456cf-3d58-47e3-aeb1-faf3ff28cac5,loyd.bruen@example.com,$2a$10$EflUgvIxGGMuUT/jHGbbBeFwtvwWBCYLhbCvmFcVDzPuUBxUxzekS
3f26e5f3-2220-4d37-af0d-f48de4b3e7db,willis.miller@example.com,$2a$10$nviObx72Q9fgzpdFur3BmuJf/l.SZwqugABfobQAV76RoKFmvQ8La
c575b81f-b04f-4186-a0dc-13f23d7cabd0,verena.kreiger@example.com,$2a$10$2SAhNJwJFur6Hhwc3AcWBuoqN0DVxQd7ek/lOUhmTYUkei3EX91RO
a186cd42-a8c7-4b6f-b75d-67886e03714a,ciera.prosacco@example.com,$2a$10$CQq48fTGckPnxUQ0SVHJo.mdxYctYfzIufD4jxeDsjV9GcG6vRa0y
3b94ab53-3e8b-4f9c-ad35-b9411e0f4a17,donetta.larson@example.com,$2a$10$3Taka7OU2opDyhxeHQxFrOF82mZKWotjdzGirqalFLcc6KY1EdkCq
b717dff3-92ea-482b-98c5-46c4abaccf7c,felica.wuckert@example.com,$2a$10$7kIYWYtv2ruGfKHFiOVmpO0J.hiY6o/eqo4UQRYC3Ch1ftl8iSPA6
90857abf-031e-4637-a0c6-5195a101baa5,sigrid.emard@example.com,$2a$10$lD0UhD57fRHQvHv7vAbEi.53z2H4HXEhbmdqLGrns.hZ.PqnAiun6
9430d811-74f4-46f0-be29-6fad9db79b68,marjory.leannon@example.com,$2a$10$7v5waefvIEDauoQL2E8Di.68AWlKmW2EtzUwyaHlskTDDqaW2OIH6
b2b99b08-e29c-4374-94d5-4587c97e0518,isabella.pfeffer@example.com,$2a$10$8CNst4Xbzy8aA2Ofy0TrGO5hC2rkbzUTqaNnZxaWtuqjhUbVLocni
16ba28a1-0d4d-4e19-844b-8acc84cddc38,jenice.walter@example.com,$2a$10$h5pzFnDrutGHVWVo0wWNqeog85gNI.1g.IWka.PqB4tA79w.etnuy
82d48a3c-8ae7-4c60-ace3-bd64b86d200f,petra.jacobi@example.com,$2a$10$008CsJSaRGkJC6t9dqvZ3OsfZGgjaEmlgkNhqFWNIqR/UdwoBAtjW
e217295e-1050-4b8e-8383-8ae03e23f8ff,selene.mohr@example.com,$2a$10$J22Ybs3a8sj4a60bykeNO.Z02CAfp.KnTqV.VTsXh0zCDyAqkldBi
fd0f2a6b-53c2-4e2e-ba70-1450156992ec,odis.lynch@example.com,$2a$10$aFilImLD/RVWFB.KFW3Z4OIZPDDOYXmx5tplENroYbmdhwwT/iwQm
7c99055c-e73a-4b88-9adb-43ea200dd6f3,ulysses.kris@example.com,$2a$10$jvtUatHkmWnxsoZmICzYNuy.2iHs3WfLwiTbPlBR1CLk31XbCnBVC
59ce377c-4b7b-4e5a-a363-d547295e7612,briana.berge@example.com,$2a$10$IlXmaaHujMusUu3Q5W2q2.YamPMmLU4sZisn2w2vT0/BzyCkYarLi
6ad08a26-7ff3-4d13-8a9c-5b13c8ad2e4d,carly.wiza@example.com,$2a$10$tGEwvCbUHF2/46TY7K1NAeSXGNKLBiJFwkcuO.dzrEmCDEX/nHsGO
aef004ac-74c1-47eb-b37b-dcb1601a445f,herman.toy@example.com,$2a$10$lU3fYIP/kdEv5o3g11St7.v6aCPwBGrcVbogHPbvOGtjH4NXTgzWu
f1a752b2-23ac-449d-9b66-8f24c47cd007,pete.orn@example.com,$2a$10$ZaJmJVtx75cb2zr12x31f.qtu54Dbcg/y15nDNQ5jkhmRVCRu05Ua
16814398-1c66-4c15-8750-5eb66a4c9643,jackson.ernser@example.com,$2a$10$247x4YpV2GVI5t9fl4Yfdu1er.ihtg5MLlu0c4rL2Lm6WHJ0qDe5O
e8bc9618-b87c-4f76-b2cb-41990c763f56,leila.smith@example.com,$2a$10$RTwEUok/MFWRE7gUDfBMh.11eZ.S596TYNpye5bU/CnrbYm/HIJGK
3ab6f7e7-aba5-4d0e-854f-2b32421439ce,chelsea.rosenbaum@example.com,$2a$10$SC17ggLuFHiNSKTZHcxerusTHi5SQh7CeF.0CkgnWlayumn.NHbqa
f41d0c58-9027-4ee5-b0a6-d1b0a5837885,elmer.brekke@example.com,$2a$10$OLJowK..axxUg0Es/aX1huw4084IYFD3qhUpI7lpMPKdlIIkNZwPi
34d7039a-92fc-4115-bb43-891952f859e8,jeramy.schimmel@example.com,$2a$10$sBUO/epOZ1ltEdbJk1I.eeU1YKM40cJgDvd2//FD/NuPa3aUpH1Ka
3982f25a-8eea-41d0-8e20-48a0327490b3,flutter@gmail.com,$2a$10$4Rh40XCLwZ/uEOlvPGLtCuKOzl736Toh3vn.YIUWdatXZR0thXLg.
1a5cc5b2-27f0-4764-91d7-13b169e0cb71,hrd_galak@blueharvest.com,$2a$10$pA3jEeq0unj7PBFizXlZHeFP5KG5yXqABU2cOHY4Z4aXiN1rgTx0e
cadf472f-5133-4681-8ef6-99e6c2a92890,lisette.reilly@example.com,$2a$10$vXbP9Iukl5.p7X7TpgvvbuILGRKFwOXnTrm3ue3kI5PmeSxEk3niC
41fd1d5e-f996-429d-ac7e-8081033ad89e,norris.boyer@example.com,$2a$10$Tj1v5ek0g.QV6Nw0G8886O8TkR4.tN7g4hYpZMNp.MizLK5MF12.q
0570d7c5-8e1a-4598-abcf-4af750e52170,alfredo.altenwerth@example.com,$2a$10$vtLqNI6fi6N0iYjjaQdDi.lypEIYtj/8oSoypGrXQxyGIjXJPgao6
da16ca44-987c-40d7-800b-1c964495ce0a,millicent.mckenzie@example.com,$2a$10$wxfiANPT9QkdkSt8bc5kvOwAutWuRr91clQQfLCRBJOiz/WubBekS
7006432d-8e5f-409d-8a37-947da6c5d99c,felicitas.schmeler@example.com,$2a$10$1aHXF42ORUkEyityd.AmJOn5EJtAuPxGgh.AkOOjpXnI0f7NDIiwm
05a8e4b3-72f2-49fb-a569-b6c0a8a88ad5,dede.keebler@example.com,$2a$10$t/FkpKmODb5GsPNF/rUwZuy6VGN4O66scv1lnQkyXpuJJvWInZx3a
cf5e15c7-daae-4851-b081-5cd406bba72b,kelly.hilpert@example.com,$2a$10$rR9yq4Kp.w0AcM.cjQaLNuTD65dViTILceTrQB3TiIewzkFB7MgK6
683eb29a-8ff3-4532-9f22-b87089207c36,myrta.adams@example.com,$2a$10$CzA4ahPoeciLXh3lE7xp/eQmLbk/DoZ/Hv/E4aP3nTRKszqRZlFie
9bf6a3b7-db6b-41b4-acaa-f672ab9e885c,dudley.labadie@example.com,$2a$10$YHeaCo3VoZn/A/pOYrLuiuWIXurR/W9fAc2.MEjvQSeJCX5Wjv7.a
eed25e28-551b-4812-87ff-46c6ff40dd64,chandra.anderson@example.com,$2a$10$r4MYEDp3DBKmM2QflJLZ7OHLV5ji51OEhdlA5/13oJwCP/5KMU9WO
2be9dc62-f3fa-4e67-b6a4-27c8dd381bdd,mitchel.senger@example.com,$2a$10$V92YsVrBJ4HF/Wty/.ZB9OkBFl1cThK1VyXZGV3AaUvm2SUpaMPw.
81af45bc-d129-4034-affd-85708e9bb4c9,arlinda.bergstrom@example.com,$2a$10$7yBnkQfbr9NqMvtEodg4l.ONYNM9ZP6ALOMSAMBs0BLPja7HP9Onm
919974ca-fc33-4a00-9ba4-b248328f446c,ka.quigley@example.com,$2a$10$b5Gh1h1Xgxg07.sJStXaieDMvnhKO6T5ipuFZFLSyd2OEgaeayCdW
a00f89d5-9989-4a69-9be8-3614a94764d0,booker.weimann@example.com,$2a$10$DtKIX4ogS262WzuR/N19ZOW4ZS0uFBT9kTNTFjBPJHvsTVOFznrve
ae18d63e-48ef-46ed-b428-bf9fa39e9016,gus.ritchie@example.com,$2a$10$PLo8BTOAwkJljBeY/.77K.HXAz5MZICzXflshK3t48aWjKMVZjNnq
5f2bb443-910c-49f4-ab79-883abd25a0f4,phebe.kerluke@example.com,$2a$10$8vLDZiXaXJ1UKefXDifwX..yn5M1iBEDG7U0NU47T9rrp//0dsUtu
5c31eac4-98b1-450f-b980-30bf691ba10f,stewart.dickens@example.com,$2a$10$prO4rxCU5xC0Gl70BUy.rePnVCcgzm4HURPBXeQuEddLrLinRreT6
916bf966-dada-4962-a0b4-da77b8fc9b3e,soledad.smith@example.com,$2a$10$5Wd0cANeYAQF/yPBZcEnQe78vQiyBcOyYzEiTHIEnccW6GQf8xyy2
6b6ac9ac-adb0-4873-976d-f17394a9d183,sylvester.donnelly@example.com,$2a$10$waELP5FbiVFYX80IdbQUyOwPv4IH.ds3VhPveasSGUVUiAXJy2riC
fb8d4d6c-a5ab-4ed7-99c3-fa10a4c97423,santo.stokes@example.com,$2a$10$3fM8XaBV3IgQXMRqCUM6SuAd5iWTixuVpxhdDxkAwWsc0XgZ//thu
0d9a3b92-fc1e-4966-8ef4-971c01f9727f,anita.bauch@example.com,$2a$10$KlSEt4DjGrEZ1KXXqxDc8emo8zVXiaC3qXq9PKYnCvcU2Du74/qJO
d250cac7-aa8f-404c-bf66-400aa5e1a7b6,bernard.dach@example.com,$2a$10$jXXCUZpEGJu3Wu7kHOurMu3Yco1kU8RqnK64oiPZwk1TlZVB13PHK
973ca723-eb98-4052-99dd-df7ca7ac81cf,blake.leffler@example.com,$2a$10$2yjmfhTCNplO6ZCkVNLwvum8gWHJSa.wQnIF/Z.1g9tdQ4oUxsSO2
05571ec9-f52c-4db6-8fda-d75238722423,joey.fisher@example.com,$2a$10$NVWZGs6j/zVM/CqIM84K0eULnctt5gte0aekezK.LE3pS0cDd5r.y
a93061c2-5c3c-4cf2-bb78-af9592b215a3,luis.bauch@example.com,$2a$10$D1I.dBNsLbjmH1qqAaG.kuDlv22eMsfDpy9MuarlFv9ZwWhw9X/3u
965c5710-ad0d-4601-92cc-fca27a383770,percy.paucek@example.com,$2a$10$9MWbnsZ5eHRS5A3VtW.1SO.SJyONne1SifCtufmY5AG54cl7WwKky
7baae225-53df-42d0-b29e-ffd4ebfc53fc,jake.stiedemann@example.com,$2a$10$rFBwwQ02.I38g8jvIyQ.pO3YhE9JI6q46TtQEJx0wrLhOapuIHVJu
6a499753-8627-4767-9f1d-85f99ad1c962,ezra.zieme@example.com,$2a$10$c7cC7BpeDUYUjTgw4Z4yCe8yD/XziYIcRavhoWUy5oIH5XDqXNFhO
1067d1b3-f60c-4bc3-a175-b86c0868e7eb,margarito.grant@example.com,$2a$10$u5UDXfrxs46VX2LEzwwHxOczpaa7Z48.jlZ2ewWpm25t4fbpZMlTq
0fad13d6-77a7-471f-8d95-5fb53b1897dd,carolyn.beer@example.com,$2a$10$xBzMU3Me0N4CCXjetm2SoOchA35YTbGMFZRKD/OaCgjmuT.p5mgoW
cc56eb3a-11c1-4459-b2ac-e3b7153b81a7,michale.cole@example.com,$2a$10$na8KGFaY6MmHfdFZ47Ib3esqv1jLyaHAZvF0TbqaW7dmNn/njXbqy
74f73cb9-949d-4590-ad22-199e142d9ca3,halo@gmail.com,$2a$10$pBNbDZHX3gBHXO52o9hcFO8uxfA2wZE4HULes.597CNYpn9SKfhQy
ac9b5b4b-35ba-4eeb-9463-994a6d85a378,halobla@gmail.com,$2a$10$AtHu0XHSKK3acxdpFn8opuZzorgQsncq6RNITcFDSJ/pf6vYljjby
a08280ba-e9e2-4145-8857-02421d788963,testing@blueharvest.com,$2a$10$fN5GG6PRIzuqgRPyxA9VO.8CnbRzVxugxy4p74Q34Z4vJtofl/v3.
eec656fa-cd4a-44f7-a9f1-f9b98b9f51cd,risqi@gmail.com,$2a$10$.b.l7eAgqyOeH7b0pXzL2ODOyoLA8AS3AcMF7E7t17rS/MJ.l4k1y
786f51ba-de02-46d5-af11-80d7a091bf45,kip.kozey@example.com,$2a$10$eYsPM1ccmj4eZAXj/xYn6O6SD79rceII57URC0iVkKav.Msbx3WXm
c1b00e6c-c970-4af4-8b52-6494ef12393b,laura.wiza@example.com,$2a$10$TbUSN136ijmoAkE8SacvHOn0/fsrf29UEwtOAcTMq/kR7UCMaBAeC
50054594-3076-4f6d-859e-e21b122a00fe,Willa.hernandez@exampleupdate.com,$2a$10$25nRvsQaMpcy8SxIDSMvMeuU757TMbiyavn09XrJmpqY6q9Wjejm2
8d08b0d9-c866-483e-9a64-09dd304f57ba,garret.heller@example.com,$2a$10$QHTdjSIcSEZIjIjXsH/GM.B.IsBPCLh/WbtvRywVeZynmZh38MXaK
69558c35-64e1-42e6-aa05-22314b0b221f,art.hilll@example.com,$2a$10$FG6pF2uzzPDZesycXSNqreJUizhALvJ/.6im7DICktncY3JGpISda
92f26239-46ee-4a7b-9faa-979b1635bbc3,leanne.vonrueden@example.com,$2a$10$WJKumV24ytWyNuU7ltXUwulpif7QP.WIzP2/ovSpxtOHqlg9vltU.
8ff9a956-19c2-4a78-9bfd-ca8ac458e4f6,ike.beahan@example.com,$2a$10$YZ5PnL7q7mEGISQgT0XEg.Ne6gjpM/dyNbopdNfgiNPlCMIHzDiMm
027aef24-fc2f-484e-812a-81515e2cabe7,cyril.champlin@example.com,$2a$10$nYrIMWOvsPzNgbEObi7C1uDTHLKZVVU6XZi9IcwhoQ925RJ8wMxOC
fcaf3f6e-0b05-4df1-811f-bb60caa0496c,donald.muller@example.com,$2a$10$NRGxmE0XY3QJAokFzYbvvOSaUhYhHz/3Mmyk86CV/PzTbuwYg/gCW
23144dcd-cdd9-40ea-95a3-c74f57f44bdb,flo.jacobs@example.com,$2a$10$JyIpax.a9mBU1T3ppYL72.jkpMzQGS6Tq7Qat5PDYWhl7uCBknP0y
c61542cb-38d1-4de9-936c-42c6c5b8d035,joanne.turner@example.com,$2a$10$R7neBuOUBdYpVWd/iiVj3.f.HiHFVxUk6/9CJB8M9ZaxU45Djz5P6
02224b18-4844-4147-8e07-57290d035ecb,kai.stark@example.com,$2a$10$vKyADvt26/rcKU36ECnsLOaEBtHb8FAxJAhoOTaSjhcXl7WLTLlpG
4a5c7260-d49f-4cd3-a4fd-ddf320bbf63a,kathy.spinka@example.com,$2a$10$dh.4AUN2u0qVbaL3XzeQwua0RH18XwPyd5DC.TRkVVlOV5.NXteuu
acb132fd-1844-4ea8-9d1a-687bb3ec378f,vania.renner@example.com,$2a$10$AWtFNatNOcdLL.8V//CTHuhdBM78WRSNK9ysIs1VeqKjS7911P/Cq
3a93b5f0-f40c-416b-9109-2eb02784bdea,shantel.lehner@example.com,$2a$10$TZ7dJTHJr.5QJ21cYkFOpehY//WMSySjKElkB28ApdSHzXawiP.am
c7972222-cdf5-4e80-bd4c-c9483b9a38c9,blair.beatty@example.com,$2a$10$lrDDttOqEP0UVU8/iKkaIOrb.ZUWGgO1un1n47n4y1pAmdxHbLxrm
df6131a3-d53f-44a4-a09b-cee0a2e9e4d1,alfredo.friesen@example.com,$2a$10$VQTB6XTfe/uxzSunSzDmiec/bs5aOkFWXboUi0jgk/3bO/YYdG1di
3bf2e6bb-1edd-4d00-8b5b-880dc6d34e1c,annis.ruecker@example.com,$2a$10$2uT3t.OOZ5ZK0WvLDWFDoewpPQJp8JnbnD6tiiNFn38jRx9ny6Yny
0338d390-b8ed-4f5e-a112-19ab7b71c047,harvey.kessler@example.com,$2a$10$1AIzaPu71ySHDCA1/zz3OukSrzNqXJfdYDiCHVpdW/Cs73vLe5pvi
bdcae424-4f12-4ef7-9d0f-7fe28c8aa684,matilda.homenick@example.com,$2a$10$1bAv/Pt2KoO7lpPGukPAcuCkNF6zZ2xU6OhJclOmrRfo4iNNrZzvq
40fcf627-e450-47d2-8b71-0368f4bfba45,irena.robel@example.com,$2a$10$wqQxq3Ad.x2XQG71X4dhM.u83BpL.mXssxHbHDbkzGdhHMpMKjSm6
2aeeef1f-8839-49a1-8ef0-3d387b0d0d6f,adan.schamberger@example.com,$2a$10$sj6PAJr9dKoe3K/qqGD9duAEqqui/vgN9jvS24PjSZDMb3ypB1yPe
c7b576e8-b214-4044-9003-16470caea677,dave.koelpin@example.com,$2a$10$5BxXXYRRqfNG6HeoLXGHi.SGQyBGcjAA5KYI1qSwpRUig6qkR2wAa
8ef1ae81-e459-4e67-b04f-d69fa06f6ae3,coralee.veum@example.com,$2a$10$MSUneJo3r1gJKSO6s7ZjAOpGlD5q8Ma7e.X4nCSmR/aU/VoOSz0P6
cd77ed44-96e1-4adb-be2a-10341b5ca96e,terrance.heaney@example.com,$2a$10$8GNg7bBSu2Ns6KoHv/4YE.zF/S5S0RwBLLYzVK7Bp17Ra9uoHRKam
05ca36c8-6f32-4fbf-b034-48819aaf33a4,jeni.thiel@example.com,$2a$10$992Xf8a.BMeDL.UUKTYip.xpGzGYAgVfdEvGV8Fp4tt94H3CIg0Am
2d1e314c-c363-4795-8256-cb67b464238c,jc.bosco@example.com,$2a$10$t1KkSECPz48r4xMQVEFmFevU.h5cD7wDIPwWDLgVRDEPt1BJCR0rO
65067471-3a56-4831-9fab-35c93617f32b,venice.ortiz@example.com,$2a$10$yDCmyW4OJ4glodUpsjCxhu7.RoS.8E/t1X2CBkWg9/qfn0ZPYm.TC
2d914276-6e2d-4fce-8e25-97b60bcdd397,porsche.rau@example.com,$2a$10$OcN75IqM9sCuwsovWjVS8uW6zH47WL0wKlL7lrMFKujD5vXaly8eS
92d6b383-f11a-4275-ae83-19a0d1a4c5cf,janelle.hackett@example.com,$2a$10$RV1esrXf3dIwTeTn0n0.7OZzdhg0bQTYgz5x8EYeAvX5iEYziOGVa
edcf1d37-b4ce-4654-9eda-966d5b65d2c3,nakisha.corkery@example.com,$2a$10$PNAMchSHQNQIaX2.71zHZ.DwZpzMEyXrwCpkUfhBKW5GBV3qfk0Ja
f5385f84-8a4b-49fb-9221-dfefee4496b4,antone.shields@example.com,$2a$10$en3QKcUMUKVYlZXCrRIDcOCBJj6r.SRuBPgdBh7EZNgXH/nJvJ3iq
1de9d631-6aae-456c-8759-496309de817b,lawerence.jakubowski@example.com,$2a$10$rRMhpJAyREnEqEp9zL9NEOLtvFigntctGkeb.L4GaVPHQYkw/scZW
135dde6a-2728-4d8a-802f-8289cfacc8c0,julie.marks@example.com,$2a$10$JGXLd99UBoNgk0WGck4IZ.49pxVka9HeXJhnjsnO.HpkR2iWZL7tS
770a0ef0-8564-4e2b-91ba-92852d337551,lou.metz@example.com,$2a$10$dFOoK7OVTjYXPUfJRf1fPeJdppgSkg72KvmwwBbsOrofb6p96R27W
0c05bdd4-92ac-432f-b266-3f4c6c8dcc69,buford.langworth@example.com,$2a$10$9kIX5qLLItoEZUy722KIgOxGKjFuAF37wDqC/GMWpUGDUKoXU9bpW
d77bdc6d-afa1-4997-b363-c24a84f2fa43,janean.rippin@example.com,$2a$10$0h1X4Q.P.IjfPTs7Ihuo8eBqPtdfSIo3q9CaOV1/4lk7rOaF0cpqW
1ba226a3-fcf3-43ea-bfa2-1c8d66493c9e,many.swift@example.com,$2a$10$D36NcPThKbpscNR4clNUAOnnlgIIBN6/OKfiqv0xSx5GUayf6CFoa
67169319-162e-4cbc-86da-0a22965bc43d,azrieldwim@gmail.com,$2a$10$.F7ohGvE9F2Ikwozd1ZtQ.z5Dfmi7YtbXC/nThMaX8I/nfwp.dewC
544cd4e4-5fd0-4176-9b00-01d1cb0a5319,takako.kulas@example.com,$2a$10$JXPxILbNvtg.iiu.TifuPOnTf83kRs.GhsR5YSeeOp4urgZYp4mKa
cae79074-cb91-412d-a1fa-2e518745efc8,marissa.keeling@example.com,$2a$10$j4NYqP1MF1cyoIGTXptCzOwxdZU7lLuYXQ9m7vOXy2FVlXBdYqEoq
7417a447-19cf-496e-8288-c66537c617dc,adriane.reinger@example.com,$2a$10$O9V2yQ/ZlEm1TjWUWKcTaeg.JHoWPLFQHpijeW45p.YBnl5uNzVq6
e7a73c91-908e-43e8-b6b5-3365ffdf3fa3,jean.casper@example.com,$2a$10$yFRjWJvMR3rPUqIl/pIEh.HXAbCpxJMr0.aoE0OKhPHLPBoNj3pTa
bde71988-6cff-4b7e-9f6f-85a1f8a74e47,mohammed.heidenreich@example.com,$2a$10$xyRu0Zra71UJjBxsbb8qgu84LstsX4wV4PscKDVMaQsGl/Qpnv2KO
1556ff16-1875-4fa9-b353-a18a0eef9f0b,marco.gorczany@example.com,$2a$10$tAmY/kMto1Z/HSd8pM2VVelOj5u4dN5a7UAHvpZ3vSPnddYjGNlWe
20dc6001-986e-471a-9058-b60e578bf9fa,meri.rath@example.com,$2a$10$FRdTjbx4609TNlZ3Hurgse69PPf7nHLlPZ0gV8COUlmualHKceZmS
4eccdff3-5848-4e65-bb84-fec31d118bbf,shon.barton@example.com,$2a$10$E62nBgvz.tWWuzJerdHVlOOvAEZLSKWRD3PN1V.k3pANEE8RrFGRi
98bfd8cc-e260-4022-8885-73109412d552,helena.johnston@example.com,$2a$10$CxQ6SdunhaEq2enjGuD5GOCSwAtt3RwOf7/0alkMUNikvvQNmfbV6
cad0375d-5c8b-401d-b5b7-22489a01ecb2,christoper.daniel@example.com,$2a$10$aPrbgNho5qQQeBhXG4xRiesAQ30Mf81mpyVJa5T2HSPNF.Mqn1iVm
e6b2b328-02c3-4c4e-870a-d5611b4698e6,tomas.yost@example.com,$2a$10$E8MCQj7/4TnybjlcefJJH.rtC6v2hatCYj92iIs9HEewN2/lk.37C
ff3986f7-f910-4f14-a0ba-1b3beb041a06,jamal.flatley@example.com,$2a$10$ko4f4tlD9nooYByiKLssC.8K1.vzjh8HlCqVaJU4za4VgnFxTZvhO
c74b36b7-a160-4ee5-9871-3e61ea4640d3,walker.king@example.com,$2a$10$CUoPyTGrBtFI4qMJiBJrue4yKu4L9QuPg0oFgb/2nr5ej/YS5G0.i
c772db55-f61e-40a3-a8f4-2bac5b86b8e7,felipe.cormier@example.com,$2a$10$owm3/aT7JeHMgWuRlMhPXOLj8srZH8BCiEUHKO6eNPaaLJHz8x1Ye
31508fba-eeb7-43fe-bb4a-00e3f332839f,maryetta.bergnaum@example.com,$2a$10$h84hi7a.5mGMrhl4NZgcpuXdREjsVXSFCVDMTEcCXYycqTMbdW13i
7b39698c-7dee-4458-93fa-238b326c70ec,ward.wilderman@example.com,$2a$10$Sl3zzgTLrOR1OCfFBm.LYeISQ.Hd49HR4bPNRMVzJBSllz5M5PAou
593462d3-2cfc-4140-aa3e-678ade83e858,sterling.wolff@example.com,$2a$10$4XmzgFh/RHMXDEBY2IdwD.1cpivfS9jpJ1wbJy83IFqx6nXBCZ8o.
019dc44d-931a-4ff8-9771-3f15e8ac3ec6,elbert.jast@example.com,$2a$10$ZC1q3aturI/6YJZVnTvyO.x0uRTYg6ozJZYjyduUZUXnCrNsqU/Zm
f58b2d5a-bee0-4055-901a-239b53e34aa3,carroll.mckenzie@example.com,$2a$10$0qRE1M2BnNY/KJJ1cuFXyeQdoNXBOndDBPoDYO1MQNLcfv81Y8z7u
fc562cba-bfa5-4f37-b6e6-fa27b6416e3d,irvan-surya@blueharvest.com,$2a$10$EwfXgJe2aOi0fnH3ApvCye.akI26GJP7ykZ/S4P71m8aYHHHgFZu.
a93f11e0-9996-46cd-9d47-9fd192ca4204,angelic.batz@example.com,$2a$10$DQFSr0K3cg3q7VlWHDNBn.Hjlk9MYdonpZQsMGRKDHlHDG64PKZh2
139abb04-2901-445c-9001-e3846470f84a,renee.dicki@example.com,$2a$10$Sf3KuKXpdGt7zKqTjYjICO3VLwzz.WoUX7mq3Oc5maTw2hjNhPAo2
04b89255-2893-4b3c-88e4-55b72144931f,max.ernser@example.com,$2a$10$YnmfkCi7lIYZH1peNbEG.eu.DE9.eYK98Cc4ylOEiopY8e4LY.8J6
9e560b32-2004-483e-9e98-a44a11ebac98,alica.frami@example.com,$2a$10$nEM.yIpzQHM3ubLItjkZROSqfsEG3CA12GOuGehqPYvxJVfeiB/ES
dcb73bbc-8a26-43a1-8718-9c5479de4fd0,rocky.schultz@example.com,$2a$10$FE6mzjy2Ro6/wjeQZOOUYOl3skDl6F6PBiGQVlGhbx8MMssBeSfya
c117da6f-7498-484f-b5be-dfa006e8064b,houston.kihn@example.com,$2a$10$ay7f0tEIMkKu63z5hDTfseeZzsdoztPOaSDq4FHxaRliDCQByg8mS
6ae5cf76-dd70-4098-8c41-5ffe03125a78,suk.cormier@example.com,$2a$10$eVrsLBPInLC29U6HXN2UDu3EY8TGlRGEgWDHo90XkRmD5jXELzVH.
5b263680-1d9a-415e-8c70-a150576ad271,jeff.bergnaum@example.com,$2a$10$mkLy0zTXKE77CbulT773LeISQ5LBzBP7hEWbqNHsy9FIVkvusNS2W
e4f0a97e-5b1e-4012-a467-752d09c04b73,kelly.lebsack@example.com,$2a$10$r1kLDz0v.aJSjSQ99E38m.9rEWYV.HWNkLB10wVUO5I66fBiT1VAO
56a78c79-a12a-4340-9ca1-4d6f4b41fd5a,murray.hartmann@example.com,$2a$10$gzjjvx4MVzRkXUW0PCqvlOgpupK09Q0TlqhlyIDi2lsTx6ADsklxS
190576a4-2e4e-4c26-9e46-60d2194096a9,lamar.bartell@example.com,$2a$10$VhA8KvzhFty3MXkq3z.6UOcfsHESyci2oK35YPyid8YbU3loXGtpO
a0895e05-1efa-4bda-adff-0225bf936bd2,walter.kautzer@example.com,$2a$10$//R5qPqTcvXktJnMvcpZ3O7wuqX7Jzd9mwKRNjaqqr5l8K0HC7MjC
72d01ac1-90c8-4d92-b566-ee514e5f8266,timmy.bradtke@example.com,$2a$10$8.gMRjmlf.7n9g.3mZTEN.kzaTUj7yV02bMugsl76fo5NmA15tTwe
ec1a5441-09b4-452c-aa33-afc2622cc852,annamae.bins@example.com,$2a$10$ob7mwmARyhGzjrAzycu04umn3AhbKaFqYGLy.xdNMm2Z33FvUZc4e
95efd75a-845e-4804-a8b1-5ba464bf3584,jacquelin.feeney@example.com,$2a$10$B6/qaceYaJYiUUTwpk/Zau7D/h2NIZPSJr/gxe4ppqsSYds1yjwHO
4254d425-505c-47e7-8faf-dc7e13bfc98f,rachele.bashirian@example.com,$2a$10$l6l0fWPoP/XmwL7PAnihA.RQ6QBRtAY8O78Hv5BHQG.0m3J23cDia
bb5faf16-67e6-4c2f-890f-68c201d07920,jeane.vonrueden@example.com,$2a$10$8skgs2NgGbhWj9.lXXiA0u.hd/6qvVK1jFL4ahrvUaR1ss39rUhre
cb56d3e6-8840-46eb-9875-9b168073fa63,lanita.von@example.com,$2a$10$MhZRR2W7oeCKOqP21ba7oeT.4D9LvqSmu1AiOrUq9YpGiodITDlJ6
4ee70bec-272c-43eb-ae8e-1a5c0fd6dd00,lupe.mclaughlin@example.com,$2a$10$8kf6nJZjdr7qA18wOmrUM.RUq89NaspNqhA0zFo34EVhhxiV49v2W
